date,symbol,sent,news
2026-09-15,AAPL,,0
2026-09-15,BTC/USD,0.5932,1
2026-09-15,ETH/USD,,0
2026-09-15,MSFT,,0
2026-09-15,NVDA,,0
2026-09-15,SPY,,0
2026-09-16,AAPL,,0
2026-09-16,BTC/USD,-0.4767,1
2026-09-16,ETH/USD,,0
2026-09-16,MSFT,,0
2026-09-16,NVDA,,0
2026-09-16,SPY,,0
2026-09-17,AAPL,,0
2026-09-17,BTC/USD,,0
2026-09-17,ETH/USD,,0
2026-09-17,MSFT,,0
2026-09-17,NVDA,,0
2026-09-17,SPY,,0
2026-09-18,AAPL,0.345,9
2026-09-18,BTC/USD,0.2097105263157894,19
2026-09-18,ETH/USD,0.1112142857142857,7
2026-09-18,MSFT,0.29879,10
2026-09-18,NVDA,0.1585961538461538,26
2026-09-18,SPY,0.0409166666666666,36
2026-09-19,AAPL,,0
2026-09-19,BTC/USD,,0
2026-09-19,ETH/USD,,0
2026-09-19,MSFT,,0
2026-09-19,NVDA,,0
2026-09-19,SPY,,0
2026-09-20,AAPL,,0
2026-09-20,BTC/USD,,0
2026-09-20,ETH/USD,,0
2026-09-20,MSFT,,0
2026-09-20,NVDA,,0
2026-09-20,SPY,,0
2026-09-21,AAPL,0.1850833333333333,6
2026-09-21,BTC/USD,0.391715,20
2026-09-21,ETH/USD,0.2655727272727273,11
2026-09-21,MSFT,0.2369,13
2026-09-21,NVDA,0.0751461538461538,13
2026-09-21,SPY,0.0748790697674418,43
2026-09-22,AAPL,0.1210357142857142,14
2026-09-22,BTC/USD,0.3103421052631578,19
2026-09-22,ETH/USD,0.57074,5
2026-09-22,MSFT,0.07195,16
2026-09-22,NVDA,0.1336411764705882,17
2026-09-22,SPY,0.1487754385964912,57
2026-09-23,AAPL,0.269,16
2026-09-23,BTC/USD,0.10949411764705883,17
2026-09-23,ETH/USD,-0.06314,5
2026-09-23,MSFT,0.1723909090909091,22
2026-09-23,NVDA,0.14128823529411763,17
2026-09-23,SPY,-0.019772500000000005,40
2026-09-24,AAPL,0.225025,8
2026-09-24,BTC/USD,0.050414285714285724,14
2026-09-24,ETH/USD,0.16665555555555556,9
2026-09-24,MSFT,0.1697076923076923,13
2026-09-24,NVDA,0.36455,16
2026-09-24,SPY,0.07128723404255319,47
2026-09-25,AAPL,0.53586,5
2026-09-25,BTC/USD,0.2027153846153846,13
2026-09-25,ETH/USD,0.13126363636363636,11
2026-09-25,MSFT,-0.09756923076923077,13
2026-09-25,NVDA,0.09762499999999999,16
2026-09-25,SPY,0.07155681818181818,44
2026-09-26,AAPL,,0
2026-09-26,BTC/USD,-0.201625,4
2026-09-26,ETH/USD,0.5574,1
2026-09-26,MSFT,,0
2026-09-26,NVDA,0.1779,1
2026-09-26,SPY,-0.4019,1
2026-09-27,AAPL,0.1724,3
2026-09-27,BTC/USD,0.273075,4
2026-09-27,ETH/USD,0.1909,2
2026-09-27,MSFT,,0
2026-09-27,NVDA,,0
2026-09-27,SPY,-0.7003,1
2026-09-28,AAPL,0.5685125,8
2026-09-28,BTC/USD,0.10502941176470587,17
2026-09-28,ETH/USD,0.05349999999999999,6
2026-09-28,MSFT,0.159785,20
2026-09-28,NVDA,0.22655714285714285,21
2026-09-28,SPY,0.1850848484848485,33
2026-09-29,AAPL,0.05634444444444445,9
2026-09-29,BTC/USD,0.19992941176470588,17
2026-09-29,ETH/USD,0.36832857142857145,7
2026-09-29,MSFT,0.30419545454545455,22
2026-09-29,NVDA,0.21813125,32
2026-09-29,SPY,0.15168513513513515,74
2026-09-30,AAPL,,0
2026-09-30,BTC/USD,,0
2026-09-30,ETH/USD,,0
2026-09-30,MSFT,,0
2026-09-30,NVDA,,0
2026-09-30,SPY,,0
